,ChannelID
0,kJQP7kiw5Fk
1,XqZsoesa55w
2,JGwWNGJdvx8
3,RgKAFK5djSk
4,KYniUCGPGLs
5,OPf0YbXqDm0
6,9bZkp7q19f0
7,_nAu9D-8srA
8,F4tHL8reNCs
9,fRh_vgS2dFE
10,09R8_2nJtjg
11,CevxZvSJLk8
12,lp-EO5I60KA
13,hT_nvWreIhg
14,nfWlot6h_JM
15,NUsoVlDFqZg
16,YqeW9_5kURI
17,0KSOMA3QBU0
18,60ItHLz5WEA
19,RBumgq5yVrA
20,wnJ6LuUFpMo
21,aJOTlE1K90k
22,YQHsXMglC9A
23,WRVsOCh907o
24,e-ORhEE9VVg
25,hq3yfQnllfQ
26,6Mgqbai3fKo
27,pRpeEdMmmQ0
28,PT2_F-1esPk
29,3AtDnEC4zak
30,2Vv-BfVoq4g
31,7PCkvCPvDXk
32,kOkQ4T5WO9E
33,papuvlVeZg8
34,FzG4uDgje3M
35,HP-MbfHFUqs
36,5GL9JoH4Sws
37,2vjPBrBU-TM
38,kffacxfA7G4
39,ohHYABXMqUQ
40,k85mRPqvMbE
41,9jI-z9QN6g8
42,k2qgadSvNyU
43,AJtDXIazrMo
44,DK_0jXPuIr0
45,VqEbCxg2bNI
46,L0MK7qz13bU
47,pXRviuL6vMY
48,astISOttCQ0
49,uelHwf8o7_U
50,jjd-BeTX6U0
51,TyHvyGVs42U
52,IcrbM1l_BoI
53,1_zgKRBrT0Y
54,lY2yjAdbvdQ
55,DiItGE3eAyQ
56,fLexgOxsZu0
57,gMrl27dbT_Y
58,_I_D_8Z4sJE
59,YBHQbu5rbdQ
60,KQ6zr6kCPj8
61,PIh2xe4jnpk
62,GMFewiplIbw
63,FM7MFYoylVs
64,ixkoVwKQaJg
65,MR5XSOdjKMA
66,kHSFpGBFGHY
67,SXiSVQZLje8
68,vjW8wmF5VWc
69,zEf423kYfqk
70,ALZHF5UqnU4
71,34Na4j8AVgA
72,HCjNJDNzw8Y
73,rYEDA3JcQqw
74,TapXs54Ah3E
75,PMivT7MJ41M
76,450p7goxZqg
77,e_04ZrNroTo
78,iOe6dI2JhgU
79,uxpDa-c-4Mc
80,138nNxXUJXw
81,t_jHrUE5IOk
82,sGIm0-dQd8M
83,QFs3PIZb3js
84,rtOvBOTyX00
85,7jpqqBX-Myw
86,oyEuk8j8imI
87,t4H_Zoh7G5A
88,Io0fBr1XBUA
89,4XLQpRI_wOQ
90,y7d9VLRO3vc
91,lWA2pjMjpBs
92,hLQl3WQQoQ0
93,0HDdjwpPM3Y
94,yzTuBuRdAyA
95,0dkHZYeIGIk
96,nYh-n7EOtMA
97,AMTAQ-AJS4Y
98,7wtfhZwyrcc
99,LjhCEhWiKXk
100,AMTAQ-AJS4Y
101,h4war7sLnuQ
102,NGLxoKOvzu4
103,_P7S2lKif-A
104,p7bfOZek9t4
105,GmHrjFIWl6U
106,aKuivabiOns
107,fKopy74weus
108,UprcpdwuwCg
109,kkx-7fsiWgg
110,8UVNT4wvIGY
111,QK8mJJJvaes
112,8dVt7eE3BAo
113,wfWkmURBNv8
114,yCjJyiqpAuU
115,CGyEd0aKWZE
116,j5-yKhDd64s
117,weeI1G46q0o
118,gCYcHz2k5x0
119,VYtJAuoZxcc
120,kXYiU_JCYtU
121,aDCcLQto5BM
122,-UV0QGLmYys
123,ebXbLfLACGM
124,x1fe8-Qli9E
125,8SbUC-UaAxE
126,uO59tfQ2TbA
127,EgqUJOudrcM
128,tt2k8PGm-TI
129,QcIy9NiNbmo
130,0VR3dfZf9Yg
131,dhsy6epaJGs
132,Mtau4v6foHA
133,ASO_zypdnsQ
134,3bLfzgZ-wO8
135,Vtos9gw1HJI
136,hXI8RQYC36Q
137,020g-0hhCAU
138,YykjpeuMNEk
139,YG2p6XBuSKA
140,KWGrPNqz4uc
141,1G4isv_Fylg
142,Fn9adh4HWUU
143,JRfuAukYTKg
144,nhxCXH5R7bY
145,fWNaR-rxAic
146,3X9wEwulYhk
147,UqyT8IEBkvY
148,nCkpzqqog4k
149,EA_fbT6oN2k
150,RqpKDkVzlqU
151,EGymN-Lc87M
152,KlyXNRrsk4A
153,VbfpW0pbvaU
154,foE1mO2yM04
155,VMp55KH_3wo
156,QGJuMBdaqIw
157,9sg-A-eS6Ig
158,iS1g8G_njx8
159,qrO4YZeyl0I
160,c73Cu3TQnlg
161,ru0K8uYEZWw
162,SC4xMk98Pdc
163,hHUbLv4ThOo
164,PJniSb91tvo
165,OpQFFLBMEPI
166,lS_ubz6Sa9c
167,J_ub7Etch2U
168,IHNzOHi8sJs
169,lBztnahrOFw
170,xTlNMmZKwpA
171,fJ9rUzIMcZQ
172,ktvTqknDobU
173,3tmd-ClpJxA
174,xpVfcZ0ZcFM
175,QJO3ROT-A4E
176,z1gFMujtH-o
177,Bznxx12Ptl0
178,bdOXnTbyk0g
179,CvKgP6Ei-U8
180,wxMrtK-kYnE
181,nntGTK2Fhb0
182,KTOwPz-zMWY
183,nfs8NYg7yQM
184,0yW7w8F2TVA
185,iQEVguV71sI
186,7zp1TbLFPp8
187,7-7knsP2n5w
188,7-7knsP2n5w
189,YJyNoFkud6g
190,L3wKzyIN1yk
191,YpkJO_GrCo0
192,CTFtOOh47oo
193,KWZGAExj-es
194,1w7OgIMMRc4
195,ycV6cnK3SIs
196,HL1UzIK-flA
197,KEI4qSrkPAs
198,y6Sxv-sUYtM
199,My2FRPA3Gf8
200,hTWKbfoikeg
201,ApXoWvfEYVU
202,djV11Xbc914
203,1-xGerv5FOk
204,XbGs_qK2PQA
205,q0hyYWKXF0Q
206,4LfJnj66HVQ
207,w2C6RhQBYlg
208,QtXby3twMmI
209,VuNIsY6JdUw
210,3yd_eoMOvqk
211,yUV9JwiQLog
212,L8eRzOYhLuw
213,o3mP3mJDL2k
214,pB-5XG-DbAA
215,s_GAqfmQK-g
216,OSUxrSe5GbI
217,Pkh8UtuejGw
218,Tldlt2RhrDw
219,AETFvQonfV8
220,bnVUHWCynig
221,gFZfwWZV074
222,okKiWXi7Hsg
223,3O1_3zBUKM8
224,eNLjdPI9zdE
225,6Ejga4kJUts
226,MBdVXkSdhwU
227,SmM0653YvXU
228,jGflUbPQfW8
229,OxxggwHFj7M
230,yrynT4T55Xc
231,bpOSxM0rNPM
232,6R5i6wQCOCQ
233,6BTjG-dhf5s
234,wvY8Ce0K9x0
235,Pw-0pbY9JeU
236,9xByMBYDRmY
237,LHCob76kigA
238,5dbEhBKGOtY
239,eVTXPUF4Oz4
240,tLcfAnN2QgY
241,a59gmGkq_pw
242,0aZ7lPQ5EXs
243,JXRN_LkCa_o
244,siP3Yym67xE
245,LjxulQ1bEWg
246,O-zpOMYRi0w
247,5yFSvgGJsC8
248,C_3d6GntKbk
249,1358GgXaCr4
250,kTHNpusq654
251,ZzAm13KsBCc
252,CUYrEiymUMY
253,xFutjZEBTXs
254,_UR-l3QI2nE
255,MuBgIfBR1kA
256,nSDgHBxUbVQ
257,HMUDVMiITOU
258,Y2T_rIZ4Pho
259,CSvFpBOe8eY
260,QRa9On5_grA
261,Uws510cVia4
262,fHqjNHxmB7c
263,bx-fuY7LpSU
264,S-sJp1FfG7Q
265,aatr_2MstrI
266,k76BgIb89-s
267,3JWTaaS7LdU
268,_Z5-P9v3F8w
269,SR6iYWJxHqs
270,Dvpd9_5vuks
271,jofNR_WkoCE
272,BokdSWC2R68
273,LDZX4ooRsWs
274,3xqqj9o7TgA
275,N2-HsIYd0Go
276,Xk0wdDTTPA0
277,ETLoTxVVvjM
278,dPI-mRFEIH0
279,tFoUuFq3vHw
280,5qm8PH4xAss
281,k0BWlvnBmIE
282,YVkUvmDQ3HY
283,hjWf8A0YNSE
284,pgN-vvVVxMA
285,OXq-JP8w5H4
286,6QG4n3-rKTs
287,Ys7-6_t7OEQ
288,iXY9CrqLkmU
289,XqkDeM8Rbkg
290,hcm55lU9knw
291,Km4BayZykwE
292,ffxKSjUwKdU
293,wV3N-wCRL2k
294,tg00YEETFzg
295,fyaI4-5849w
296,YXnjy5YlDwk
297,zDo0H8Fm7d0
298,JyqD_zfXfi8
299,Zu6o23Pu0Do
300,w_IINnpSjY8
301,t6oJDAA7Mnk
302,oC-GflRB0y4
303,BQ0mxQXmLsk
304,Sjwl23rk6Tg
305,ekzHIouo8Q4
306,V1bFr2SWP1I
307,dT2owtxkU8k
308,DyDfgMOUjCI
309,PEGccV-NOm8
310,LrUvu1mlWco
311,JF8BRvqGCNs
312,_dK2tDK9grQ
313,6DRkf3kZMXw
314,JWESLtAKKlU
315,8iPcqtHoR3U
316,lf_wVfwpfp8
317,_Yhyp-_hX2s
318,7OHMqdMpsj8
319,ypPSrRYOAj4
320,euCqAq6BRa4
321,0yr75-gxVtM
322,w7w59Zp8bEM
323,_OBlgSz8sSM
324,bbEoRnaOIbs
325,V_MXGdSBbAI
326,fwK7ggA3-bU
327,bwmSjveL3Lc
328,hR8_Nq3epTA
329,x6Q7c9RyMzk
330,bo_efYhYU2A
331,6-n_szx2XRE
332,dZ0fwJojhrs
333,lKDGxAHZt0E
334,Jwgf3wmiA04
335,2S24-y0Ij3Y
336,5Dx8Yd-0i5Q
337,eJGRFwLUWL0
338,kMwdm_XQ5r4
339,YL71i-8cobc
340,6NXnxTNIWkc
341,ZlxIEWygQYY
342,K2fkCcjzBrQ
343,KATq-Ws3xtM
344,XI2sXvesncc
345,vx2u5uUu3DE
346,I9cCPQVPv8o
347,vu5-aKf_QqA
348,jjuSfhYiup8
349,hiP14ED28CA
350,BBAyRBTfsOU
351,xfdG6vwIGGU
352,xmU0s2QtaEY
353,_kxz7WX4mLU
354,4JipHEz53sU
355,_Fwf45pIAtM
356,RB-RcX5DS5A
357,PIb6AZdTr-A
358,59GM_xjPhco
359,aadGiDqoTYo
360,SLsTskih7_I
361,afUx6AIG3Tg
362,zZjSX01P5dE
363,6C_s56iscpQ
364,iibZa2tbGEg
365,SMs0GnYze34
366,U0CGsw6h60k
367,SMs0GnYze34
368,UDDMYw_IZnE
369,nlcIKh6sBtc
370,XsX3ATc3FbA
371,W-TE_Ys4iwM
372,4NNRy_Wz16k
373,aFEL3bAj3zw
374,hMy5za-m5Ew
375,wPNQw8naE2Q
376,5JJ_jqqpTMY
377,Amq-qlqbjYA
378,YJVmu6yttiw
379,mWRsgZuwf_8
380,DUT5rEU6pqM
381,HJkAI-Dhq50
382,wzMrK-aGCug
383,CezgTNwk1-s
384,4GuqB1BQVr4
385,Zi_XLOBDo_Y
386,ME2Hufquz0k
387,T7VewKI44rQ
388,kYtGl1dX5qI
389,b8m9zhNAgKs
390,kLpH1nSLJSs
391,P2hM9CLAMu4
392,lwk5OUII9Vc
393,SHq2qrFUlGY
394,AtKZKl7Bgu0
395,SYM-RJwSGQ8
396,mrxTQZW9b08
397,4fndeDfaWCg
398,tAGnKpE4NCI
399,8WYHDfJDPDc
400,cPAbx5kgCJo
401,1ekZEVeXwek
402,QYh6mYIJG2Y
403,JFcgOboQZ08
404,8JnfIa84TnU
405,Sv6dMFF_yts
406,pa14VNsdSYM
407,_wL3Pc-EmjA
408,1wYNFfgrXTI
409,2zNSgSzhBfM
410,wJnBTPUQS5A
411,n4RjJKxsamQ
412,ovX1HloCgdA
413,wcLNteez3c4
414,OMOGaugKpzs
415,4m1EFMoRFvY
416,sD9_l3oDOag
417,wyx6JDQCslE
418,9jK-NcRmVcw
419,bX3S-_jUauc
420,au2n7VVGv_c
421,CfihYWRWRTQ
422,pJLjueapaVw
423,HHCQsk0TZmk
424,xIbrxsirEnA
425,aSjflT_J0Xo
426,RKioDWlajvo
427,cedoBlUvBlI
428,-qGbUNQqVNc
429,9FDuUd39NOI
430,_CL6n0FJZpk
431,orxXlAltFQg
432,6GUm5g8SG4o
433,CY8E6N5Nzec
434,aE2lIyIdkR0
435,eAqeed4INns
436,TR3Vdo5etCQ
437,Fy93n4Xvq78
438,3YxaaGgTQYM
439,ZyhrYis509A
440,ws00k_lIQ9U
441,M11SvDtPBhA
442,Ahha3Cqe_fk
443,v2AC41dglnM
444,xcL-oGPxgCg
445,_JOnM3jmY0o
446,_KhQT-LGb-4
447,Pgmx7z49OEk
448,7RMQksXpQSk
449,aPxVSCfoYnU
450,n38kGst16sI
451,bESGLojNYSo
452,QCUg2r3vyJc
453,EPo5wWmKEaI
454,TGtWWb9emYI
455,sPTn0QEhxds
456,WcTRQXtXJPs
457,cHHLHGNpCSA
458,0oKreL1jvkg
459,ebVVuJN1WFM
460,c0BLr35bmTc
461,CdXesX6mYUE
462,9Sc-ir2UwGU
463,tvTRZJ-4EyI
464,7UO0O6ADu4Q
465,sEhy-RXkNo0
466,jzD_yyEcp0M
467,f6vY6tYvKGA
468,j1_JW7An2l0
469,7fEQmJ98x_Y
470,H6qNS9toSWk
471,uTK_7MOFV4s
472,7C2z4GqqS5E
473,uXATjvr_rl4
474,WAcnWtZjDWE
475,V1Pl8CzNzCw
476,WwQPh_mTrSg
477,zxseokeqhVk
478,oiKj0Z_Xnjc
479,QNJL6nfu__Q
480,6ACl8s_tBzE
481,EHkozMIXZ8w
482,YlUKcNNmywk
483,dQw4w9WgXcQ
484,moSFlvxnbgk
485,IdneKLhsWOQ
486,W9P_qUnMaFg
487,lcOxhH8N3Bo
488,qMxX-QOV9tI
489,ft4jcPSLJfY
490,iMEhjsiHbwM
491,GzU8KqOY8YA
492,i_kF4zLNKio
493,BxuY9FET9Y4
494,gOsM-DYAEhY
495,qFLhGq0060w
496,ooHII67__Sg
497,UceaB4D0jpo
498,fXWp4jn4Omo
499,TDwBuPsrSM4
500,d-5dc8CuOvw
501,MkElfR_NPBI
502,qRp3-D3SMwI
503,6X3A-Qe4lPg
504,YWu9mB6X9Oc
505,EzKkl64rRbM
506,1y6smkh6c-0
507,VYOjWnS4cMY
508,lDK9QqIzhwk
509,4DO8GsIYfhQ
510,pBuZEGYXA6E
511,ij_0p_6qTss
512,xwtdhWltSIg
513,tD4HCZe-tew
514,kTlv5_Bs8aw
515,-59jGD4WrmE
516,1YBl3Zbt80A
517,iEPTlhBmwRg
518,qd6OtRox9V8
519,IJHPpTYtIqk
520,8avC3hHNeSE
521,HvNdJ2RCReg
522,Vx0JhF4VarE
523,l7VsurR48Ew
524,Q4HMn3BJ24Y
525,UrT0zCmsN8c
526,5anLPw0Efmo
527,IPfJnp1guPc
528,n-D1EB74Ckg
529,yyDUC1LUXSU
530,sOnqjkJTMaA
531,iO2IR0ixD08
532,uBaqgt5V0mU
533,GKSRyLdjsPA
534,JeLIYZJ3hfM
535,7QU1nvuxaMA
536,8-mloCL49vs
537,bzW9fmwcmG4
538,3YltYCrPZos
539,LsoLEjrDogU
540,o_v9MY_FMcw
541,qpgTC9MDx1o
542,F3uzNaw-uhE
543,WdKsFfq6_No
544,ei2-RjJDBHc
545,qPTfXwPf_HM
546,BELlZKpi1Zs
547,fV4DiAyExN0
548,72UO0v5ESUo
549,2zn4dAuZ2RU
550,8_oE-iQeFeE
551,fk4BbF7B29w
552,DkeiKbqa02g
553,ALj5MKjy2BU
554,g5qU7p7yOY8
555,nAP3yilxmdY
556,Y1xs_xPb46M
557,o61fbnPCYqI
558,Ey_hgKCCYU4
559,AbPED9bisSc
560,uuZE_IRwLNI
561,4nKcnfw9ggc
562,vJwKKKd2ZYE
563,cpN78ZjnCZY
564,QBaIMZ8QjcU
565,AdQCja4MBcY
566,BGa3AqeqRy0
567,Mi3GdCyzHCY
568,0w3XwPVxcsw
569,6E_hN0oERKE
570,k4yXQkG2s1E
571,zKOubVELVNw
572,qaZ0oAh4evU
573,xF5UcphoEnk
574,N-V_omSSi4M
575,qqqMyxv5al4
576,-RP19fnff_c
577,K5KAc5CoCuk
578,yXQViqx6GMY
579,Um7pMggPnug
580,GDMel6oO2fU
581,ZbZSe6N_BXs
582,nP8ZVJxiJlU
583,kX0kAtUrJFY
584,zAWsoFk2yVw
585,rKk9uJqi4hY
586,igNVdlXhKcI
587,2-MBfn8XjIU
588,CHVhwcOg6y8
589,12CeaxLiMgE
590,YzXi5HpgYGc
591,dvgZkm1xWPE
592,c6rP-YP4c5I
593,SDTZ7iX4vTQ
594,-CmadmM5cOk
595,SAcpESN_Fk4
596,1i7p0vTGcBk
597,XngTiXBPmEE
598,f0bbDFRYD_A
599,cMwnLs4qZEc
600,bKDdT_nyP54
601,pAgnJDJN4VA
602,W-w3WfgpcGg
603,3zCmLKNQZYg
604,RSRzIrOqaN4
605,qN4ooNx77u0
606,pUu0FWlMpgk
607,u9Dg-g7t2l4
608,GOs96LMUCDA
609,FOjdXSrtUxA
610,fdPu-wvl3KE
611,OZLUa8JUR18
612,e-fA-gBCkj0
613,Mgfe5tIwOj0
614,aZla1ttZHaw
615,h4eueDYPTIg
616,NNqLB7znMLU
617,WA4iX5D9Z64
618,9BMwcO6_hyA
619,nBANlLaki_Y
620,p03TIGqEc8o
621,yIIGQB6EMAM
622,ExaWNagWYBI
623,CUciBrtqFGM
624,izGwDsrQ1eQ
625,K_9tX4eHztY
626,iGk5fR-t5AU
627,GtOngOaClgU
628,79DijItQXMM
629,KkYqMa5YXls
630,mI0FKAIlSeU
631,Wd2B8OAotU8
632,oRdxUFDoQe0
633,VlgMnwmKXi0
634,I8vzbIuvhoo
635,bPk9bSvQQoc
636,YxZXLWIx6ik
637,UWV41yEiGq0
638,btPJPFnesV4
639,Fvw4vOXyBPU
640,VPRjCeoBqrI
641,2i2khp_npdE
642,-7w9tdzndjc
643,fiore9Z5iUg
644,Tet6_BlStEM
645,rYKOuKaWEjg
646,U8q6MFtbp0A
647,6_PvbBg63cY
648,7F37r50VUTQ
649,DzwkcbTQ7ZE
650,kHue-HaXXzg
651,vrLu-gdkG6I
652,HgzGwKwLmgM
653,hmE9f-TEutc
654,6EEW-9NDM5k
655,m7Bc3pLyij0
656,OYwdXMPu17E
657,m-M1AtrxztU
658,zRIbf6JqkNc
659,lRWqYR3e7xE
660,kPBzTxZQG5Q
661,58u-zkDLNPg
662,wZRWpr1G1Qw
663,waU75jdUnYw
664,svVSim1xils
665,qDRORgoZxZU
666,6ONRf7h3Mdk
667,PjTU0DmBWiU
668,u3u22OYqFGo
669,orxxp-3gBiE
670,KRaWnd3LJfs
671,AByfaYcOm4A
672,GX8Hg6kWQYI
673,FTQbiNvZqaY
674,kdemFfbS5H0
675,SX_ViT4Ra7k
676,eFOu-RPXxi4
677,Ri7-vnrJD3k
678,HyKw9F1QMz4
679,WXBHCQYxwr0
680,9vMh9f41pqE
681,vPwQ71gAxn4
682,4NJlUribp3c
683,yWo_uSJQE-s
684,rPvh3WsRt2Q
685,iPGgnzc34tY
686,ylWjaP0Z-20
687,1dttq5p0xUM
688,SRcnnId15BA
689,CwfoyVa980U
690,BVwAVbKYYeM
691,-PH4S7IPQxU
692,EkHTsc9PU2A
693,xKKeqlBQ3Js
694,gdx7gN1UyX0
695,RSyUWjftHrs
696,_SrBt7Jv5qI
697,iX-QaNzd-0Y
698,M4ZoCHID9GI
699,Ap96zOGbxdk
700,dNhxLae8O9M
701,CvBfHwUxHIk
702,F90Cw4l-8NY
703,ejvpVhvKesM
704,iOxzG3jjFkY
705,8zQTfGbyY5I
706,EgT_us6AsDg
707,MrTz5xjmso4
708,EfF9EE6ZR5E
709,cgEnBkmcpuQ
710,0GvLP2C2w9U
711,47ODQI0OSOA
712,qDc_5zpBj7s
713,t5Sd5c4o9UM
714,e2vBLd5Egnk
715,5jlI4uzZGjU
716,9M36GcFNDOo
717,zFHBfFAmcbc
718,7GjOOyBoELw
719,ShZ978fBl6Y
720,gAM6v3BkjYE
721,av5JD1dfj_c
722,p1JPKLa-Ofc
723,53ePiCirfvk
724,Xmap94TcDNs
725,UtF6Jej8yb4
726,1lyu1KKwC74
727,Wa5B22KAkEk
728,9WbCfHutDSE
729,xUVz4nRmxn4
730,otCpCn0l4Wo
731,RnBT9uUYb1w
732,oupft13Cms8
733,cMTAUr3Nm6I
734,cwQgjq0mCdE
735,IBaSizQyC5g
736,nIjVuRTm-dc
737,95EFNsXgRhQ
738,frN3nvhIHUk
739,0PGrtdcvlVE
740,j-sz8M8gc6U
741,XAhTt60W7qo
742,t_shSXXV91w
743,IBvg3WeqP1U
744,9v_rtaye2yY
745,MOo9iJ8RYWM
746,5DOoVDUkoQk
747,SrDTSB5bVS4
748,7DYjfjaZGas
749,TUj0otkJEBo
750,pbMwTqkKSps
751,AgFeZr5ptV8
752,xp6706wVdCI
753,Y1_VsyLAGuk
754,WpYeekQkAdc
755,Jzl_nrTkfIM
756,t4-Xz_Lt2p4
757,I_izvAbhExY
758,7aRlAw0ZvDc
759,nbfOWa9Veyk
760,D9W4DLjmoOM
761,TJAfLE39ZZ8
762,ANS9sSJA9Yc
763,KDxJlW6cxRk
764,kn6-c223DUU
765,PVzljDmoPVs
766,Rbm6GXllBiw
767,k4YRWT_Aldo
768,xd12hR68sWM
769,ozv4q2ov3Mk
770,56WBK4ZK_cw
771,qExd-3oCTl4
772,XjwZAa2EjKA
773,nPvuNsRccVw
774,e82VE8UtW8A
775,LRP8d7hhpoQ
776,POP9_phDB2g
777,BiQIc7fG9pA
778,05TA9jNnCdU
779,_iktURk0X-A
780,-apU2sviHCM
781,ShlW5plD_40
782,iGMjKS4Vap0
783,ks1CBTwtaU8
784,F57P9C4SAW4
785,J9NQFACZYEU
786,cmSbXsFE3l8
787,7ysFgElQtjI
788,aA_kuFTV-P8
789,l4e0hJGOIY8
790,NMNgbISmF4I
791,a5fHoAx12DY
792,D5drYkLiLI8
793,B4BDh41Y8hQ
794,DDWKuo3gXMQ
795,weRHyjj34ZE
796,ePpPVE-GGJw
797,LMJLfZH_xWU
798,EWcOY14GWwM
799,iP6XpLQM2Cs
800,yd8jh9QYfEs
801,FAucVNRx_mU
802,8xg3vE8Ie_E
803,iEe_eraFWWs
804,9J9FlVCUeLM
805,mzB1VGEGcSU
806,gl1aHhXnN1k
807,sAw8aiU5Ris
808,5Wiio4KoGe8
809,Dsp_8Lm1eSk
810,eCyMh-mZ1B0
811,Rj2QkLaaj2E
812,JI-5kh_4gO0
813,olWG6jiMV0g
814,9pdj4iJD08s
815,bvC_0foemLY
816,cVlAmP-KDT4
817,XQaKFU3Fh_M
818,ZaI2IlHwmgQ
819,cIfkMBDn9ZI
820,ghAvJMxE1qo
821,6rbX0JT98ms
822,4ZHwu0uut3k
823,B9Mi1-qn_PQ
824,os00JDq_rKk
825,SkTt9k4Y-a8
826,E8gmARGvPlI
827,-2U0Ivkn2Ds
828,5NV6Rdv1a3I
829,HYNUAfAGrpA
830,95I5VaR7GeU
831,Bg59q4puhmg
832,CxnaPa8ohmM
833,FrG4TEcSuRg
834,3x2ABSAMVno
835,OHUktPPdTaM
836,YxIiPLVR6NA
837,bjgFH01k0gU
838,3rgwIp6D3ow
839,C-u5WLJ9Yk4
840,ErvgV4P6Fzc
841,ytQ5CYE1VZw
842,SB8-YY2DyHI
843,G0Hx6uN2AJE
844,pnMQLrS5sTE
845,F0rwOsAteXM
846,0O4CLgXvbjU
847,rywUS-ohqeE
848,ejvdjIzHh_E
849,GZjt_sA2eso
850,cOXXbMB5L4A
851,JmcA9LIIXWw
852,p2Rch6WvPJE
853,dISNgvVpWlo
854,vIaH35-MLsk
855,_LImjdwhTwE
856,2dg9oc78Kv4
857,wlS6Ix7mA0w
858,7qix3jy5QdA
859,6JnGBs88sL0
860,bpOR_HuHRNs
861,omzk3klIy0E
862,3VmoZrxXbmg
863,J3UjJ4wKLkg
864,KV2ssT8lzj8
865,S9bCLPwzSC0
866,sS2yCCi2Mek
867,x3bfa3DZ8JM
868,uo14xGYwWd4
869,Kgmb9pw8K3s
870,YR5ApYxkU-U
871,xo1VInw-SKc
872,0EWbonj7f18
873,HSlon_3VBn4
874,k2C5TjS2sh4
875,GcGPedcPsOs
876,ViwtNLUqkMY
877,2nBJ_FFQuLI
878,47dtFZ8CFo8
879,Zi0RpNSELas
880,F877bV0Ai3E
881,8gyLR4NfMiI
882,_ovdm2yX4MA
883,HHP5MKgK0o8
884,yziMNt1rBk4
885,LYsaKn8FRhc
886,87gWaABqGYs
887,oofSnsGkops
888,ZxvI1epOAWE
889,cSnkWzZ7ZAA
890,ESXgJ9-H-2U
891,sMIWCBaDD0E
892,DPxL7dO5XPc
893,rn_YodiJO6k
894,AWpsOqh8q0M
895,YXSFMV8JOF4
896,JwQZQygg3Lk
897,NE3IkFadCHM
898,T4cdfRohhcg
899,4ShOpJPHRxA
900,LIWbUjHZFTw
901,1AlOPDR46Zg
902,VBmMU_iwe6U
903,hzTg4zPBtDU
904,pezuHwUghUc
905,sRs93DYhQGg
906,HBxt_v0WF6Y
907,qeMFqkcPYcg
908,WtE011iVx1Q
909,nWAGLkyxQG0
910,UrIiLvg58SY
911,1cQh1ccqu8M
912,RbtPXFlZlHg
913,mh5J7pV1hJE
914,wKJNrKxjcO0
915,VCLxJd1d84s
916,XQ0D_QD_DhM
917,s8XIgR5OGJc
918,gJLIiF15wjQ
919,LmRrLl8aLfE
920,9a-T_Q88sk0
921,RE87rQkXdNw
922,lsJLLEwUYZM
923,-ALOwx-RHm4
924,4N2iMmHcHys
925,PfGaX8G0f2E
926,bN3G5gXKPkY
927,N6O2ncUKvlg
928,Nmna2yIpW2Y
929,4bPGxLxogvw
930,1TsVjvEkc4s
931,jk4HYngf65w
932,QW833sTtwcw
933,BwN3NiZt-PU
934,GsF05B8TFWg
935,jU_82WUdbaA
936,BTtBmo5EbEk
937,BvFJstCIrpw
938,PWgvGjAhvIw
939,JybMBMTHWP8
940,8j9zMok6two
941,3FtzhWx-XxA
942,-n9krkSb-ug
943,by3yRdlQvzs
944,sENM2wA_FTg
945,dmJefsOErr0
946,BGpzGu9Yp6Y
947,uU_FFtbCcLc
948,zpsVpnvFfZQ
949,8qs2dZO6wcc
950,xftFxCYQTdk
951,V2hlQkVJZhE
952,HWyEEj2pSt0
953,GTyN-DB_v5M
954,wsHNUOgJJZU
955,2gm90wOZUPg
956,T3E9Wjbq44E
957,uSD4vsh1zDA
958,ozr3qQRzYl8
959,4kHl4FoK1Ys
960,h6szTEZn1m4
961,LOZuxwVk7TU
962,2ips2mM7Zqw
963,cNw8A5pwbVI
964,R4em3LKQCAQ
965,vNoKguSdy4Y
966,Bag1gUxuU0g
967,RubBzkZzpUA
968,eJO5HU_7_1w
969,5H59Py7KApU
970,rMltoD1jCGI
971,XEvKn-QgAY0
972,dswcPD0XwTc
973,nGt_JGHYEO4
974,nmjdaBaZe8Y
975,-MsvER1dpjM
976,b0NHrFNZWh0
977,kt0g4dWxEBo
978,_kqQDCxRCzM
979,X_DeGCloQWg
980,RqcjBLMaWCg
981,b-J95fYuVz4
982,PnAMEe0GGG8
983,QvypZSdjO8M
984,AAbokV76tkU
985,yJpJCZYTL74
986,mhHqonzsuoA
987,Xp-dKdSUuLk
988,cNhXH1etCwM
989,KrVC5dm5fFc
990,l-OKPRPx_0Y
991,9N4yFVje_jk
992,o66xQUqKzsc
